y1,date,y2,y3,y4,OT
-0.19041723625335844,2020-01-01,0.6104627860775582,0.03456891551587568,-0.5593192017745361,173.0
5.2986115704788475,2020-01-02,5.968150930206641,5.838669649507916,4.939990900002737,157.0
9.265334393181357,2020-01-03,8.438246542364258,9.190329724419671,7.428752953625187,132.0
7.965439474451688,2020-01-04,6.705436039346006,8.007402070448116,8.86168873122575,174.6639709
6.025920314952501,2020-01-05,6.917035671479594,5.576559165139011,6.414933433417783,105.0
5.198218818705876,2020-01-06,6.106164140326322,2.5601554299111404,2.3298545313934937,196.4288025
7.479834680173365,2020-01-07,5.700206047406618,5.070725927573874,5.659462603101264,205.1584625
10.531110346315751,2020-01-08,8.954407400797885,10.422801752882023,9.618985635700215,74.0
13.679493916838398,2020-01-09,15.515655765323936,15.578443235265064,14.182413684472017,102.0
14.44436107879011,2020-01-10,15.103251835575144,15.35259775769088,14.125346096199053,164.0
8.990086199060826,2020-01-11,9.91965379579545,10.718011128241525,9.920227321997215,110.0
5.125453185965058,2020-01-12,4.573835788354048,3.8735817396883205,4.795943280622252,180.0
-1.4796092342675582,2020-01-13,0.17159291689471828,-2.2523205142330713,2.0209706290310554,147.0
-1.2583036207396172,2020-01-14,-1.5235926479102961,-2.108918034761078,-0.9904813800636897,198.0276947
-0.05693265191771979,2020-01-15,0.5475741264181444,-0.8238147734513896,2.0898048862535448,157.0
1.2284012497250707,2020-01-16,2.348584147789858,3.0163264014046387,2.088778884554846,96.0
0.7990586006006218,2020-01-17,2.7501056865839506,-1.0323049358632579,0.9688045576418458,158.0
-4.114870955233573,2020-01-18,-3.814686411083614,-5.290361445608383,-5.0040631335537515,133.0
-10.876018834356831,2020-01-19,-7.841970395832857,-10.224173371463623,-11.368815964610846,148.0
-14.246732241792557,2020-01-20,-13.66321242643636,-15.078593341499916,-12.018433551389151,198.3764038
-14.243212396580295,2020-01-21,-10.916490268408527,-13.929863386647348,-12.751626616628412,136.0
-11.030631105048949,2020-01-22,-10.278993113054604,-10.290458704073533,-9.470729174019764,146.0
-7.658048591769404,2020-01-23,-4.16381799247145,-6.134487193082855,-6.712785030844598,82.0
-4.002492801776199,2020-01-24,-2.598608891424841,-2.660461569225639,-5.451450426712262,83.0
-5.591545748781535,2020-01-25,-5.043348043211065,-6.418479558645782,-6.055949322008005,127.0
-10.39248853102862,2020-01-26,-8.353363578332754,-8.86062116024869,-6.893922373840704,124.0
-10.482721510833555,2020-01-27,-8.422699122662598,-9.99474070038613,-10.082505262882197,186.0
-8.351393713130223,2020-01-28,-5.463860215418798,-5.674236689259319,-6.983830239411291,138.0
0.9296182411252167,2020-01-29,1.2878305277026803,-0.11127353706724752,1.4760220416872096,90.0
6.103046709648199,2020-01-30,5.585757041798923,5.97911461806008,7.024408833084104,160.0
7.587676747340785,2020-01-31,10.038136272886605,10.39362580297217,8.68867343137251,193.006073
7.670153826325398,2020-02-01,8.929981171414127,9.103040769745066,8.76433412499254,355.2233887
5.425511817683657,2020-02-02,7.370415290215826,4.211730941355746,5.814520543788648,150.0
0.8982532420700451,2020-02-03,6.065423072902793,3.1636326136715156,3.3301248464538347,249.0
4.381102416181343,2020-02-04,6.848544111678764,6.689258666909203,5.377971863210234,122.0
8.256399812917168,2020-02-05,12.214806287630259,8.975107421910266,10.788870706242509,112.0
10.5180049350319,2020-02-06,16.25519515205845,12.94780721936395,13.661905935732298,150.0
11.030974913519461,2020-02-07,16.925231908414645,15.596322045038402,15.982253497862727,102.0
7.288559043944785,2020-02-08,13.884722735614861,9.07582732577351,10.997949569365211,109.0
3.693669264416971,2020-02-09,6.374233255611423,3.343116293044829,4.600179474071572,188.0
-3.2364839096989257,2020-02-10,1.5884321816518874,-1.5564651607229771,1.0447656132674696,199.0
-4.318260557604991,2020-02-11,0.27367391324864165,-1.036133066164285,-3.29437019016276,158.0
-1.354569471944664,2020-02-12,2.9695082129734276,-0.34125899316969627,2.2432887025818165,160.0
-0.40384419611214195,2020-02-13,4.277208156094658,2.9032837715868967,2.209065196979041,165.0
-2.7052573411144802,2020-02-14,4.559014526822368,0.9217135553961572,2.651749325806949,144.0
-7.723987891363811,2020-02-15,-0.8805793966666772,-2.4099802013794487,-5.117208157748722,122.0
-13.873175681720838,2020-02-16,-6.954505715581098,-11.857669120466749,-8.794391670754557,188.0
-17.88180665437897,2020-02-17,-11.433168269407782,-14.359478793820102,-11.903808405331407,191.0
-16.607782009299967,2020-02-18,-9.98739000510463,-13.483338485485127,-12.595646326022626,119.0
-14.29408898379309,2020-02-19,-5.9703713498119395,-10.680080959186448,-9.670774880339405,142.0
-10.679513338173603,2020-02-20,-1.799950591053606,-4.8361480775384065,-4.433245550922206,131.0
-7.458535134934629,2020-02-21,-0.7432925286179184,-4.375673456588713,-2.345426257657992,125.0
-9.114650445748671,2020-02-22,-2.743823974177671,-6.5061578333803025,-4.683701965098821,265.0
-12.669980012665926,2020-02-23,-3.366833052301086,-8.698612945524173,-7.2533402600377315,204.0
-13.093161392107383,2020-02-24,-4.03550565094462,-7.433515288029406,-8.714191583056193,312.7000122
-10.442597490186502,2020-02-25,-0.7097785901745055,-4.586617911796786,-4.823457541299332,317.4519653
-4.890172053754505,2020-02-26,3.9500857740907236,-0.6285813172403308,-0.07958225524279594,296.0
0.3233193160000555,2020-02-27,13.322148549438797,6.10788076291602,6.96567536654686,133.0
4.797048467467243,2020-02-28,13.31720970896918,10.685311778113213,10.941910511423918,181.0
3.718802621238812,2020-02-29,12.649195061476853,6.866593219334002,10.605052250910921,102.0
0.6600888485972034,2020-03-01,11.9663970723044,5.3692751141549335,7.418023247620525,304.0
-2.444677855838541,2020-03-02,8.576668317742735,3.9706176440779704,4.9145588146754235,254.0
-2.1352822994605773,2020-03-03,11.93779287767943,6.38573446968992,7.2745421623510325,176.0
4.594347533808573,2020-03-04,16.422817379841366,7.667557004265819,11.665437498763803,108.0
5.3824356910212,2020-03-05,18.581199732882162,12.862926320703147,14.88190324602984,145.0
8.112084992684975,2020-03-06,20.32956581951431,13.676887155766128,13.292013015410943,116.0
3.7803786374652963,2020-03-07,16.591454148960842,11.215572419514846,10.991463229951503,144.0
-2.3448595951470472,2020-03-08,10.747808845265604,2.2591493998809113,5.343006090718819,176.0
-7.039648928707394,2020-03-09,7.2758742487727455,-0.618753441203685,0.22257560823559103,159.0
-8.748813152754954,2020-03-10,4.978488343722526,-2.488256381062301,0.48583525730651145,115.0
-8.34869721006601,2020-03-11,7.626536176185367,-1.3665725061376195,-0.06768359995305229,128.0
-5.693987816463091,2020-03-12,7.020369642489238,0.8522040041269386,3.0462679271175297,137.0
-6.849561204727805,2020-03-13,8.857365651838816,1.697785617352475,2.053593775313944,100.0
-11.395629518936829,2020-03-14,5.601766816141738,-5.624215106042176,-4.13863118931843,84.0
-19.569094812786478,2020-03-15,-2.7174282333232163,-8.143562553799292,-8.99617082472481,148.0
-22.209869272139652,2020-03-16,-6.396709906969748,-15.479846568838392,-12.479849112848685,212.0
-21.735611110187524,2020-03-17,-4.873154883818933,-14.543096490920902,-10.27223177384171,148.0
-17.373565709000793,2020-03-18,-1.5226799736188044,-11.470498814444777,-9.420008221475948,177.0
-16.048976284075025,2020-03-19,2.533327291692433,-4.146325604991782,-5.403258244682125,125.0
-14.72486659716869,2020-03-20,4.373879234835646,-2.6418930115139636,-3.0868524992047326,111.0
-14.64817862163746,2020-03-21,3.130479117479605,-7.136359055595071,-4.022810067645139,128.0
-18.971686502666987,2020-03-22,0.6083332761252392,-9.379056221196924,-9.094174768011847,139.0
-21.33625023547271,2020-03-23,1.0120559194305692,-7.797633338273563,-9.678787468594626,175.0
-15.42176406320614,2020-03-24,3.158152929825712,-6.662383330571597,-5.8307187949181705,218.0
-10.31351385394978,2020-03-25,10.912887083613414,-0.7008142804440716,1.492953173482632,180.0
-4.782551579499205,2020-03-26,16.530671697001146,4.124096004632565,8.817330897224913,458.0
-1.3016346519517308,2020-03-27,21.42525365397342,7.448135449023531,9.303944025330466,134.0
-3.882934726477865,2020-03-28,19.368882763441587,9.992905834931834,9.244276918291538,109.0
-5.124153516827986,2020-03-29,16.49176915242261,5.897114483960402,5.416530878986694,210.0
-7.652247990980707,2020-03-30,15.99963457373753,3.877710989736436,6.0651026862894275,234.0
-5.731275138754105,2020-03-31,17.80953657498527,5.492187314868542,5.786412162326965,180.0
-2.6631036219979047,2020-04-01,21.92593442612778,10.695567962859071,10.284291338266357,141.0
0.4323195108353195,2020-04-02,25.842317875498768,13.46573086143134,13.595977708132247,174.0
1.0248599489549086,2020-04-03,28.20948479662137,14.361648551528305,14.114803834957254,225.0
-0.7654051809442186,2020-04-04,22.703410287038917,8.98422635574395,11.506343694897481,207.0
-10.051404544412492,2020-04-05,15.895044454650112,4.598544386623481,4.8509217926442245,130.0
-15.11286651365658,2020-04-06,13.603566000956803,0.2726250411379726,0.17829721493916495,185.0
-16.211548503518483,2020-04-07,12.476122869167723,-2.826301343623052,-0.49962782414297335,217.0
-14.03485114143926,2020-04-08,14.18576717196934,0.6624963587733412,3.1643191684407497,199.0
-10.76185830588612,2020-04-09,15.078669926300744,1.2064282362508973,3.9368598410017475,158.0
-16.108804733888498,2020-04-10,16.09205724424274,2.593945430162166,2.076126922979612,144.0
-19.699668409146344,2020-04-11,10.273829589719565,-5.321496422170155,-0.7224427250995531,210.0
-25.580165851891625,2020-04-12,5.458418260823602,-9.041935961595113,-7.816149755551777,158.0
-30.052314067223474,2020-04-13,2.0770255151325467,-13.553376860344072,-12.900628732833368,220.0
-28.994125477051963,2020-04-14,3.3512603797279334,-13.633942637094574,-10.100212907751269,240.0
-25.929673682787406,2020-04-15,8.24139879245176,-9.944452080852543,-8.89820328975757,202.0
-22.053937208253632,2020-04-16,10.22963633100581,-5.084667702950303,-1.8571570859638173,133.0
-21.741048171714286,2020-04-17,12.850918366777979,-3.748634431392451,-1.376722636511453,205.0
-21.565764158923727,2020-04-18,11.777766095022903,-5.387211385161209,-3.737189488543,245.0
-25.780777564918235,2020-04-19,7.8266368979172185,-7.648191247515684,-5.974408229373581,172.0
-26.643565553900576,2020-04-20,7.985657105895645,-9.954177788267847,-6.83707396883644,273.0
-24.53379670309525,2020-04-21,11.908769507694501,-6.438139114547292,-5.735487079225907,215.0
-19.362841022078815,2020-04-22,18.158686699398043,-0.40495837475160645,1.2700150426505914,192.0
-11.03354024761422,2020-04-23,22.931415464915876,6.945445295234418,7.412901994544977,248.0
-10.475408331923767,2020-04-24,27.18766959399931,12.6982533243127,11.926575840360632,227.0
-12.060678216643735,2020-04-25,30.596838759090733,9.314727576004772,9.822702051600526,153.0
-17.01837611927951,2020-04-26,26.747206268925314,4.439563088820516,8.02468444793824,263.0
-17.097692333691946,2020-04-27,23.740810084532477,2.850284897981999,5.963289734262607,251.0
-16.357839419009984,2020-04-28,26.177087358765,4.646238951075833,10.768916037670696,239.0
-11.542996369008426,2020-04-29,32.46526547433454,9.434247371917222,10.070219566942226,310.0662537
-6.633987960504801,2020-04-30,35.40562487202998,14.331531978482758,14.95414169441451,139.0
-6.933154591122451,2020-05-01,34.625211267863186,13.767031990268721,16.7048162422757,251.6355896
-11.92548450276325,2020-05-02,32.28089394667056,10.588144594936795,11.978536006859368,248.0537567
-18.274011424994946,2020-05-03,25.8137250809841,5.229451061817974,7.2372138917510425,202.0
-23.400334288303288,2020-05-04,23.090778641672454,1.1797057363954186,1.5541628911417027,250.5772095
-26.983141651316952,2020-05-05,21.63095447162825,-0.48298752438860837,0.5655667273594003,252.4912262
-22.196102412268008,2020-05-06,22.91593617246175,-0.2556101023194015,0.03226226797146081,202.0
-22.0481857148562,2020-05-07,25.7646012210375,0.7004987090379715,1.8890894226434303,215.0
-24.170124643206677,2020-05-08,25.705987108560986,0.7614827097023521,2.995861719148777,259.849884
-27.32191827313479,2020-05-09,19.66949597195072,-2.1885696363481717,-0.7274552231514886,180.0
-35.181760353196296,2020-05-10,14.298465129885074,-8.97965124919884,-8.865909103068269,189.0
-38.23419421958238,2020-05-11,12.440263257731655,-13.100260372169686,-11.75111613422827,232.0
-39.90832842921043,2020-05-12,12.395991032100838,-13.30087855711273,-13.29382839576235,80.0
-35.52747521276321,2020-05-13,15.220602525283875,-9.490428802374161,-8.497084438797616,167.0
-31.818042799879787,2020-05-14,19.720941229573434,-5.268387737059259,-4.769363993614697,154.0
-29.908884826000907,2020-05-15,23.644215213016658,-2.856543510019418,-2.422852957968077,247.0
-33.98696017116947,2020-05-16,22.39141456965924,-6.222813330008509,-2.549111093375224,227.0
-37.68716131207108,2020-05-17,19.145439613361177,-8.416656679314745,-4.726936548158283,176.0
-37.50194394883109,2020-05-18,17.543545886735128,-9.490438716704961,-8.12751536786733,239.0
-34.381349526358754,2020-05-19,20.04677894335547,-6.108842799233492,-3.361058300477901,247.0
-27.25128748968152,2020-05-20,29.28506889800008,1.6095751312751252,3.081991734205811,214.0
-24.96242766023143,2020-05-21,34.93249123778835,6.628560905447216,8.420041312414279,156.0
-21.391869114325413,2020-05-22,39.71366714015961,9.996170808135906,11.361956134896841,215.0
-21.6858158264932,2020-05-23,39.49651933863975,9.40580704628967,10.440844238211655,221.0
-25.504775148391683,2020-05-24,36.15841854697444,6.821128740195374,9.079419531579989,239.0
-26.24155508202705,2020-05-25,35.53862270779916,6.2251692764210365,4.209990923719779,240.0
-27.49829523999154,2020-05-26,37.68338235416652,6.668119165496878,8.438996313508976,259.0
-21.17334806348339,2020-05-27,42.198357406816626,10.38351624298116,11.306817003262937,259.0818176
-19.069398827989097,2020-05-28,46.90069450828656,13.480967945010345,12.937977176796627,184.0
-21.649206557565016,2020-05-29,47.756431162680386,13.078788142031083,15.638816407429651,149.0
-24.019490307676957,2020-05-30,42.997154714028426,8.825487555549286,12.318260412410444,176.0
-29.437792716848634,2020-05-31,39.33103231926411,4.566999407303527,4.543042187902905,132.0
-35.95662073413529,2020-06-01,34.56774883555858,0.2793711899184277,1.360908240685985,210.0
-37.42640149575633,2020-06-02,32.914471838135825,-1.0564118913303164,0.3280175450961751,247.0
-35.77925433363213,2020-06-03,36.338574811280694,-0.021479526717326752,2.5845411651911103,130.0
-34.79795389660405,2020-06-04,37.36186592421904,2.5766769803517677,4.773780470016129,248.0
-36.51976989624544,2020-06-05,36.27706091596467,2.700512986293642,2.744100643214796,161.0
-40.78645452623679,2020-06-06,31.12046609617928,-4.841986987598155,-2.04364487969863,259.3629761
-48.459218609772144,2020-06-07,26.655657000723902,-9.362657026752261,-9.275058077322809,183.0
-51.70248624187231,2020-06-08,24.56449409823469,-14.301384634049464,-10.547266666417936,252.0
-51.60638821668074,2020-06-09,24.32558212850321,-13.024850264162671,-10.49538487749397,255.0
-48.73001780664585,2020-06-10,28.472420360397294,-9.538912076926508,-5.857984115066406,263.7960815
-46.331572204210744,2020-06-11,32.77682448506981,-5.0107980084127925,-4.47070987534522,265.4343872
-43.75052439510524,2020-06-12,35.58252913632567,-4.420902698114745,-3.082347893007129,191.0
-46.70240425192285,2020-06-13,32.90790674410873,-5.217019544374832,-0.9790730140503792,179.0
-48.48845765378953,2020-06-14,32.214996018338475,-8.937085123668142,-5.029485261338092,242.0
-50.60831154918374,2020-06-15,32.05190551244245,-9.2735056237851,-5.457059235606196,267.7975464
-48.83530756661382,2020-06-16,36.59899403503719,-6.019513100964179,-3.612019571727027,208.5
-42.831405398348835,2020-06-17,43.07030301530054,0.028761307205208364,2.253873870899507,201.0
-36.485535568278486,2020-06-18,48.88335090346879,6.013864911458262,6.8573367760946615,241.0
-35.447222226678,2020-06-19,53.598321431718,10.485849193915033,11.301355277934189,210.0
-35.76092848931133,2020-06-20,52.33510043056239,7.586098017552498,10.904796220175758,238.0
-35.92771300331343,2020-06-21,49.43709027783364,6.041702017672841,10.259950951375423,192.0
-40.704160143545685,2020-06-22,48.62811084848959,4.915741908390411,6.446988373154528,257.0
-38.82292298624129,2020-06-23,49.80221119274438,4.626495921248743,8.803210746408233,271.8161621
-35.54673012674436,2020-06-24,56.50001940098093,11.331442602610366,11.367444467089198,259.0
-31.797185432819692,2020-06-25,59.11408286024496,14.14700511866931,16.90158212207298,265.6938477
-31.965310830940297,2020-06-26,61.00327394398128,15.967405814507552,17.13020191919833,194.0
-36.966167701001176,2020-06-27,57.33607121566761,9.340546416371799,13.384685835271302,205.0
-44.855129145278504,2020-06-28,51.89544696908506,5.044512063145232,6.127727355246596,161.0
-49.93269667457198,2020-06-29,48.141791906631454,1.2140580647912678,2.590437176689486,242.0
-50.32089822016974,2020-06-30,49.69112137392805,-0.8632523729036208,1.1794654523901138,155.0
-51.32705445526189,2020-07-01,49.725484341616315,1.1274551876091337,3.428090653588772,89.0
-47.82045578164147,2020-07-02,53.076338869127916,2.4698409865292223,4.814353238659659,99.0
-49.647471690862105,2020-07-03,52.17757429494715,2.1096033920726143,5.512126961399876,247.0
-56.07898335547839,2020-07-04,47.56983819332807,-3.602168681260109,-0.25624245636413034,194.0
-60.78961737528672,2020-07-05,42.97153727107912,-10.261156046645128,-7.400672057338657,208.0
-66.60596195115208,2020-07-06,37.54362972782608,-12.422082426492484,-9.90386253778004,268.024292
-66.09197178659868,2020-07-07,40.11561310253046,-12.424437291462032,-10.060583891997243,187.0
-64.06391006707275,2020-07-08,44.04672073292519,-10.385763906273791,-6.697754477984247,167.0
-59.93046548117965,2020-07-09,47.4461742939364,-6.2300479911194415,-2.5057452128105457,238.0
-58.38163271925897,2020-07-10,50.31773692294662,-2.5274491397153205,-1.4040014732026294,174.0
-62.136958240771435,2020-07-11,50.26862702224352,-6.204564749689812,-2.9770196438070977,234.0
-63.987553150929486,2020-07-12,47.0666451614327,-6.736579700923862,-3.7656641525703534,254.0
-65.8635440061807,2020-07-13,45.578512528211505,-8.473351797833304,-6.409405151207214,232.0
-62.6503278879305,2020-07-14,50.2034892851065,-8.49033755075892,-3.340827309065614,270.6768799
-57.71935826063719,2020-07-15,58.26655672048964,0.8773024799347873,4.093065722649152,224.0
-52.93945637419182,2020-07-16,65.71904831814459,8.102922438919201,9.136101825078978,189.0
-49.991991432015574,2020-07-17,67.91896047651055,8.849859421626686,12.148775333199138,174.0
-50.357685113925335,2020-07-18,69.68159695364135,8.477424486459611,10.195692303322945,223.0
-55.69927448273471,2020-07-19,65.46669158733036,6.2657906562918235,8.991932801665842,179.0
-55.9007028952224,2020-07-20,62.76865150630221,4.213437946692194,7.4980127197626025,222.0
-56.396636497730576,2020-07-21,67.90321448096171,6.915017828155623,9.6547738054061,193.0
-53.70537552451011,2020-07-22,72.99517046090301,10.626897471980309,10.710864020025053,270.9276123
-50.25265324144863,2020-07-23,76.93388929921754,13.584262277559741,16.338258305114625,272.2889404
-49.776221298758195,2020-07-24,76.0985081799763,15.27004227011484,17.93519260692126,163.0
-53.22398126568073,2020-07-25,74.24504898846891,10.775390347581165,14.715152423687565,226.0
-61.71338190137792,2020-07-26,67.49037416900723,3.804691226405604,7.0883543132821725,136.0
-64.18474636528997,2020-07-27,64.18142562665228,-0.43614378545700216,1.1440777539230427,258.0
-68.29332826950042,2020-07-28,65.19050055427542,-0.8526948385040228,1.2085840295405759,239.0
-66.26636536834289,2020-07-29,65.10541375852053,0.8305963386756842,2.8766736718186374,126.0
-64.03824119328357,2020-07-30,68.09141339390003,3.1724226185663564,5.636456365777303,151.0
-66.94268911808554,2020-07-31,69.3437863817481,0.7343655358934509,2.8339956844014815,152.0
-72.31217839292037,2020-08-01,62.87982086472876,-2.418047643643121,-2.001290045624736,147.0
-77.94043006941924,2020-08-02,60.16898099465547,-8.161277190718675,-7.44481670481413,253.0
-81.60738974975375,2020-08-03,54.669871874890816,-12.720535419002603,-10.635274375230399,168.0
-83.50544467664159,2020-08-04,54.98143908171697,-13.598308210582317,-9.997678182015965,157.0
-80.49757366534391,2020-08-05,60.800419997812575,-8.113805004773514,-5.802885035847207,196.0
-77.71413753324791,2020-08-06,64.36617987587832,-6.8696696356841604,-2.788128899704173,200.0
-75.23838154707212,2020-08-07,68.51577402900676,-2.0138712343779295,-0.18709290016448055,51.0
-78.09087345254278,2020-08-08,66.26515753395337,-5.240417634046821,-3.0443113868059837,99.0
-81.47403758602553,2020-08-09,66.48292424119995,-8.609654993295138,-5.4626027022804955,106.0
-82.29841428819941,2020-08-10,66.08784239427872,-6.752367417463427,-6.728552992988164,242.0
-80.66730247606682,2020-08-11,69.29557894018612,-4.6470095771060675,-2.4022703210634027,125.0
-74.67272514289424,2020-08-12,74.40954332358211,-0.4897857727866425,3.380702366139176,97.0
-71.22275520850137,2020-08-13,81.7200303826388,6.009569981078735,10.655755219906146,133.0
-67.097211157916,2020-08-14,85.52112650735141,11.398043195313917,12.105464276383797,86.0
-69.83332092203125,2020-08-15,85.587112150272,9.998158089746202,13.866649314231568,102.0
-71.94439677220842,2020-08-16,83.60161864094947,6.467430909078859,8.640152703446535,133.0
-73.05409069398792,2020-08-17,81.03815766229839,4.883231783223385,7.841074879104587,212.0
-73.65653694740911,2020-08-18,86.16195881424892,8.259545949713903,7.767011717806028,144.0
-68.86525822346645,2020-08-19,90.2106237977429,11.270141226541316,12.009438791127147,195.0
-67.12840401401336,2020-08-20,93.82444304827708,15.418985598307653,17.486488696222253,156.0
-67.25600235263036,2020-08-21,95.44887688884232,14.700243125065287,16.318540334396598,113.0
-72.65720669410081,2020-08-22,92.31408222141701,10.545037329710047,11.973672263798829,129.0
-78.27118193123414,2020-08-23,85.59726134246472,4.4446784677619995,7.826337108117677,54.0
-82.0279588924465,2020-08-24,82.6220225865704,-0.05243240982343009,3.3693078460210044,251.0
-87.47169158781021,2020-08-25,82.54450059216319,-1.6721077489670015,0.7178955884015994,127.0
-85.34819331176696,2020-08-26,83.54168459432853,1.0476054892006066,4.299228981568179,90.0
-84.39168240791875,2020-08-27,87.36967731180015,0.605177400289544,4.843290782867568,91.0
-86.32642921603903,2020-08-28,88.40993759141156,1.0921576156818298,4.397821132332151,160.0
-92.13237861174535,2020-08-29,82.19846736896938,-3.6677071837111725,1.53051700843223,97.0
-98.39326503735937,2020-08-30,76.43538242141713,-8.492816672329784,-5.440559126853065,162.0
-100.7206971019551,2020-08-31,75.88636256123151,-13.906793867525947,-8.257453007254181,165.0
-102.58058625065532,2020-09-01,75.60768442004097,-14.694970226135252,-10.076371299082442,95.0
-99.52958015849964,2020-09-02,78.84587972069897,-10.361897543152049,-6.525711993579204,116.0
-97.05655248839841,2020-09-03,83.6045674907953,-6.15450214291642,-2.02922810021092,81.0
-95.37794474400796,2020-09-04,88.58510783620777,-1.4852983415177001,-0.34463087912022955,139.0
-98.05837720792394,2020-09-05,88.11912576853314,-7.608213033579097,-2.091542541773452,121.0
-101.4510827387589,2020-09-06,86.13398923383245,-9.096296869126757,-4.155926434462802,153.0
-104.1439072742878,2020-09-07,85.05311249855212,-8.618441218213269,-3.6341916100604883,136.0
-100.62486781373714,2020-09-08,87.91618982786666,-5.133323953479451,-0.8940409894085402,88.0
-95.81822297374343,2020-09-09,96.13545659050449,-1.4872125899494912,3.8403908403151283,91.0
-90.03079448005501,2020-09-10,101.67080886183714,6.707378095073765,8.101991884830852,96.0
-86.8372093992978,2020-09-11,106.12041735490118,10.43579647761236,12.746847851509568,97.0
-88.70513448960193,2020-09-12,106.1148164885476,10.510493283561072,15.20023535030586,146.0
-90.83270031999841,2020-09-13,104.79327659716816,5.2593231504309035,7.31858054078672,119.0
-93.67293289673839,2020-09-14,103.93076773185513,5.390356006068947,7.597492092476733,155.0
-93.137261779846,2020-09-15,105.18989337268027,5.946753517968526,10.959302801332356,147.0
-91.65689498136885,2020-09-16,112.12512502403497,10.623642537344153,13.198576628187372,72.0
-88.09363199195916,2020-09-17,116.22095965527569,14.060837048114138,15.724038252556847,71.0
-90.20587873757847,2020-09-18,116.5327336278397,13.48593817506165,18.434823208335715,76.0
-93.52818203210516,2020-09-19,112.2101409633038,10.689903281968292,13.087310848496537,98.0
-101.19297940982233,2020-09-20,105.6021345878484,4.990660677529939,7.929252570484267,128.0
-104.71187967490249,2020-09-21,105.90566525955921,0.27944844416499653,3.135070270474268,176.0
-105.59669222846996,2020-09-22,103.78813391585702,-1.0502728763288187,2.81645392746713,128.0
-107.23074820765852,2020-09-23,105.44070811988544,1.5512013645095304,5.475575121135666,91.0
-106.42189889548533,2020-09-24,108.36572793041381,1.5005419209528987,4.722240744540959,111.0
-105.96496746018514,2020-09-25,109.41286572120897,-0.45024456135218793,5.2220953424575995,89.0
-113.2459968911315,2020-09-26,104.84224952807423,-3.75180200227054,-0.24456243982943582,101.0
-119.94708920726059,2020-09-27,100.08221134846333,-9.616709996310105,-5.936890518243917,148.0
-124.54144572761834,2020-09-28,94.61170253801235,-13.15153791626086,-8.618311399495576,171.0
-123.08981400812978,2020-09-29,96.63416810927563,-14.28425807991112,-9.690118332745248,106.0
-121.82842991997438,2020-09-30,101.36242613691384,-7.920745839989479,-6.104173452642672,147.5
-117.24626869301662,2020-10-01,106.74691012394626,-4.261344740450626,-3.0404051893457114,116.0
-114.58248353350643,2020-10-02,111.00376440117535,-2.027725146785113,1.3403518970272144,127.0
-117.87066523573554,2020-10-03,106.41563967579908,-4.9302148178887615,-2.0706853278647044,194.0
-122.70716159709698,2020-10-04,108.76314322629794,-9.28968455066236,-4.070660947622148,61.0
-126.02521875366648,2020-10-05,106.91526625054878,-9.75349676010734,-5.758214625531918,122.0
-123.35678218242697,2020-10-06,111.11590252947029,-6.257747253217624,-2.089006396242717,154.0
-118.83930553090235,2020-10-07,119.0726737601556,1.094551309156612,3.6079198790404376,63.0
-114.25570205062658,2020-10-08,124.4468416408094,7.38505074070609,12.515684997337475,97.0
-110.22700029520708,2020-10-09,129.32690809458646,10.269644452520897,12.410521302712816,113.0
-111.54065962954614,2020-10-10,127.87944971316462,7.620662332444274,11.915242499631375,88.0
-114.45687510142102,2020-10-11,126.35774024613025,5.8959637549958,9.168302582796448,109.0
-117.0466148770535,2020-10-12,126.55293339883023,3.884471415385382,7.67586996239583,110.0
-116.35190985632353,2020-10-13,129.72825729931662,6.931395936091448,11.150738862759415,64.0
-112.31055095328571,2020-10-14,132.1002102752003,10.66909287907825,13.97524111644,75.0
-110.73796835702545,2020-10-15,139.1464191048274,12.97645692692865,16.295882838474373,101.0
-110.95625255753113,2020-10-16,138.9533487549953,14.659785453237879,18.632146050066286,70.0
-117.38677846994092,2020-10-17,137.16098015448614,10.976260743971773,15.487585093546825,127.0
-123.69705464026745,2020-10-18,131.1730242717918,5.4731549667799655,8.416828954362146,126.5
-129.80551828547763,2020-10-19,128.26931657686325,-0.7490871097343949,2.301539433369678,134.0
-131.17633061720886,2020-10-20,127.79542020910739,-1.2908350480089843,4.670875865914282,104.0
-130.0577316912021,2020-10-21,131.28444391408954,0.9399606289890957,2.1596525974066774,78.0
-127.53543871636215,2020-10-22,133.3295751501414,1.6926050110389377,6.577488788924505,104.0
-131.06674723857705,2020-10-23,132.21338186535158,1.358394788862621,2.631288548554125,78.0
-136.6858975331124,2020-10-24,129.57957508375043,-3.799982054435635,-1.2612944381754456,87.0
-142.35163883259307,2020-10-25,123.05972793822947,-10.89114171620201,-5.895655609919804,88.0
-148.3498855902614,2020-10-26,118.92262378317692,-13.742418521509505,-9.104402545230398,99.0
-148.41401094037948,2020-10-27,121.2714790746672,-11.629572289867992,-10.77930888742202,142.0
-143.77963808571,2020-10-28,123.95166285147731,-9.650608229494809,-3.5598607476283304,68.0
-143.5069121340128,2020-10-29,130.51920518631977,-5.745023403616832,-1.0507772274108576,55.0
-141.3944023134195,2020-10-30,134.5888095487232,-3.168245214641566,1.6105271439670847,90.0
-143.5641529936932,2020-10-31,132.08572109379082,-5.113416646224289,-0.945150576091728,81.0
-148.64425770228632,2020-11-01,131.07086683272334,-8.572859477140623,-4.005931064617861,80.0
-151.05408847377956,2020-11-02,130.7731290217926,-10.700526868360775,-4.58744101313263,86.0
-146.18802952983663,2020-11-03,134.91356176776657,-5.331611973274687,0.4532425755357643,111.0
-143.0286896365622,2020-11-04,141.77944941981832,1.852176322698377,3.9543074399653144,79.0
-136.473088585407,2020-11-05,148.95379601313334,5.691543381439494,11.587801795282507,90.0
-134.44532116654705,2020-11-06,153.81170489457796,9.56285451805407,13.8874103866185,105.0
-136.51629483182253,2020-11-07,153.24334596138178,7.940416995622067,13.220798700539317,91.0
-140.10973361899286,2020-11-08,151.47642366074473,7.291820776974786,10.302926168116455,70.0
-142.63592859398432,2020-11-09,151.48882329713834,4.45260734966726,8.515394535845804,110.0
-140.65331149744907,2020-11-10,152.2157489183905,4.948376190408886,9.710524449642834,37.0
-139.67416957525273,2020-11-11,159.0584665978389,10.321035934940598,16.193352948624394,64.0
-137.49866690309722,2020-11-12,163.41359329907723,13.165102014027113,18.32800546377967,81.0
-136.1285236904441,2020-11-13,164.48084031277807,14.328228373639817,18.837663351831754,59.0
-141.18241487670176,2020-11-14,162.16220978027857,8.746440919218342,15.757639024287318,74.0
-147.38297533326437,2020-11-15,156.00085182068628,4.492336450291708,7.777665910598011,88.0
-155.56123797755197,2020-11-16,153.18277815567527,1.026664703309962,4.399015790694044,58.0
-154.7489760259011,2020-11-17,153.09220503200734,-1.0464598367406486,2.6709214774301384,46.0
-157.52185368084903,2020-11-18,156.03286152305014,1.6578121096168514,5.41245771350645,19.0
-154.60727716520927,2020-11-19,160.9748189390791,1.832599850987386,6.422873509888941,32.0
-156.53462483368884,2020-11-20,157.22780428740265,0.2198432379295988,4.939378060626235,76.0
-161.56932215746062,2020-11-21,154.35829096465645,-4.295148224860769,1.5079234931214336,113.0
-168.90929495075363,2020-11-22,149.15954905448578,-9.18859947138259,-4.372160996455354,123.0
-174.90859862647665,2020-11-23,145.66098634642745,-12.892649350186769,-6.915076049017607,71.0
-173.9057362496249,2020-11-24,148.69047488652933,-14.199300115137278,-8.354588585600707,72.0
-173.36603027361775,2020-11-25,152.59381845200556,-8.910645925462141,-6.202483403698601,46.0
-169.6262402072751,2020-11-26,157.54379778627035,-3.7165285309944025,-1.6979681694612734,114.0
-168.13613791976553,2020-11-27,159.95718181516256,-3.336734112005494,-0.764974223205116,83.0
-170.51423994495448,2020-11-28,159.40676603352256,-4.700616439965183,2.30942632749193,58.0
-174.24312852052316,2020-11-29,157.87596331168552,-8.685717016882082,-1.7912447546507073,77.0
-176.6041976347606,2020-11-30,157.9927365226672,-7.716399013853275,-1.8371194866227407,134.0
-173.84471952409382,2020-12-01,162.33513675420895,-6.6988728139329865,-1.3104516364846988,98.0
-169.48369311590932,2020-12-02,169.85611121145612,1.2242272038036683,5.894851785654382,80.0
-164.1260342127909,2020-12-03,175.4161314766119,7.779852108087469,11.137538928735818,41.0
-163.76958737363654,2020-12-04,181.02062939721472,10.20761189464344,14.752369263874574,91.0
-163.85568847527415,2020-12-05,182.15900681061495,9.383786467007674,14.115844150801713,68.0
-168.26012142736454,2020-12-06,179.53349593439353,5.5402819047047025,10.173783501583713,91.0
-170.1863942319666,2020-12-07,178.48497641829746,4.274137126764889,8.43050229934623,81.0
-170.57416030027312,2020-12-08,181.85232891024782,5.900757581380943,10.936229661886692,104.0
-166.7269097787959,2020-12-09,185.62349978894267,10.704514401191146,14.519962777639877,118.0
-165.70785734631323,2020-12-10,190.82823161189535,14.290154872702887,17.19072130575688,91.0
-165.3438400473963,2020-12-11,191.56643378563433,14.065447944146111,18.780324786113,73.0
-168.71294585541608,2020-12-12,189.68795611169122,10.72034414023327,16.976263780550422,69.0
-176.67967323088908,2020-12-13,184.59955572572497,4.134523666969351,8.511611015338511,81.0
-180.3911628092693,2020-12-14,180.85986251592013,0.46232175134201375,5.116208757076353,106.0
-184.59814956312871,2020-12-15,181.65936751875387,-0.02869645823474487,3.2978128719266095,77.0
-183.40848629159802,2020-12-16,185.3624283513414,-0.2951917474388257,5.030067661092509,75.0
-184.65947229531977,2020-12-17,186.63276609688648,2.1757834476499163,8.671519754702219,73.0
-185.87792067034863,2020-12-18,186.05303638778264,3.0987884146195803,5.3009702987618565,107.0
-192.22352605441588,2020-12-19,183.92684737836788,-2.9879649783137334,0.6190030185483597,67.0
-197.7223863376842,2020-12-20,176.90548683392245,-10.32077842463468,-6.2745595096897295,85.0
-200.31335150005057,2020-12-21,173.06256570695004,-12.983063949437614,-8.416248324032633,72.0
-203.89148609715755,2020-12-22,177.29391954561834,-13.992488518078583,-8.321121395983088,102.0
-200.6958803408399,2020-12-23,181.688351810568,-10.118917153816035,-5.677897000638538,105.0
-196.91015482044529,2020-12-24,187.60718617313375,-5.880642526832877,-0.8514645747916819,52.0
-198.47055723053938,2020-12-25,187.45347354457806,-3.1437437554957524,0.4188430948802234,138.0
-200.29150142462902,2020-12-26,189.94828586579817,-5.45963309342627,-2.1334134651555665,121.0
-201.8447765991779,2020-12-27,186.134676243897,-7.00154329121242,-3.303261932566526,93.0
-204.8096976514172,2020-12-28,189.20641454258873,-8.03547605283877,-3.8865517961457763,145.1958466
-203.5004349193272,2020-12-29,192.03948769681517,-5.635209121021428,-0.8084084466706318,86.0
-198.33981941420333,2020-12-30,198.52189916997264,1.4052708283390918,6.7562237707638015,136.0
